[
  {
    "title": "하얀 고양이와 신비한 돌",
    "author": "저자 정보 없음",
    "publisher": "출판사 정보 없음",
    "price": "가격 정보 없음",
    "img_url": "",
    "book_url": "https://www.aladin.co.kr/shop/wproduct.aspx?ItemId=361349536",
    "short_description": "",
    "description": "기본정보기본정보양장본32쪽225*265mm409gISBN : 9791130664453주제 분류신간알림 신청국내도서>유아>그림책>_나라별 그림책>일본접기국내도서>유아>_주제별 책읽기>동물 그림책접기국내도서>유아>100세 그림책접기국내도서>유아>4~7세>그림책접기국내도서>유아>그림책>창작그림책접기",
    "pub_date": "출판일 정보 없음",
    "pages": "페이지 정보 없음",
    "isbn": "ISBN 정보 없음",
    "category_info": "분류 정보 없음",
    "scrape_date": "2025-03-27 22:46:41",
    "categories": [
      "기타"
    ]
  },
  {
    "title": "미친 남자들과 메두사들",
    "author": "저자 정보 없음",
    "publisher": "출판사 정보 없음",
    "price": "가격 정보 없음",
    "img_url": "",
    "book_url": "https://www.aladin.co.kr/shop/wproduct.aspx?ItemId=361349881",
    "short_description": "",
    "description": "기본정보기본정보494쪽158*230mm720gISBN : 9791192986340주제 분류신간알림 신청국내도서>인문학>교양 인문학접기국내도서>사회과학>여성학/젠더>여성학이론접기국내도서>인문학>서양철학>서양철학 일반접기국내도서>인문학>심리학/정신분석학>정신분석학접기",
    "pub_date": "출판일 정보 없음",
    "pages": "페이지 정보 없음",
    "isbn": "ISBN 정보 없음",
    "category_info": "분류 정보 없음",
    "scrape_date": "2025-03-27 22:46:38",
    "categories": [
      "인문",
      "사회",
      "과학",
      "심리",
      "철학",
      "사회과학"
    ]
  },
  {
    "title": "테스터 2",
    "author": "저자 정보 없음",
    "publisher": "출판사 정보 없음",
    "price": "가격 정보 없음",
    "img_url": "",
    "book_url": "https://www.aladin.co.kr/shop/wproduct.aspx?ItemId=361414432",
    "short_description": "",
    "description": "기본정보기본정보300쪽145*225mm390gISBN : 9791193078464주제 분류신간알림 신청국내도서>청소년>청소년 문학>청소년 소설접기국내도서>소설/시/희곡>과학소설(SF)>한국 과학소설접기국내도서>소설/시/희곡>한국소설>2000년대 이후 한국소설접기",
    "pub_date": "출판일 정보 없음",
    "pages": "페이지 정보 없음",
    "isbn": "ISBN 정보 없음",
    "category_info": "분류 정보 없음",
    "scrape_date": "2025-03-27 22:45:30",
    "categories": [
      "과학"
    ]
  },
  {
    "title": "닥터 K 역대급 발명왕 2",
    "author": "저자 정보 없음",
    "publisher": "출판사 정보 없음",
    "price": "가격 정보 없음",
    "img_url": "",
    "book_url": "https://www.aladin.co.kr/shop/wproduct.aspx?ItemId=361358751",
    "short_description": "",
    "description": "기본정보기본정보236쪽153*225mm307gISBN : 9791155817919주제 분류신간알림 신청국내도서>어린이>과학/수학/컴퓨터>과학 일반접기국내도서>어린이>초등3~4학년>과학/수학/사회접기국내도서>어린이>초등5~6학년>과학/수학/사회접기",
    "pub_date": "출판일 정보 없음",
    "pages": "페이지 정보 없음",
    "isbn": "ISBN 정보 없음",
    "category_info": "분류 정보 없음",
    "scrape_date": "2025-03-27 22:46:20",
    "categories": [
      "사회",
      "과학"
    ]
  },
  {
    "title": "닥터 K 역대급 발명왕 1",
    "author": "저자 정보 없음",
    "publisher": "출판사 정보 없음",
    "price": "가격 정보 없음",
    "img_url": "",
    "book_url": "https://www.aladin.co.kr/shop/wproduct.aspx?ItemId=361358132",
    "short_description": "",
    "description": "기본정보기본정보212쪽153*225mm276gISBN : 9791155817902주제 분류신간알림 신청국내도서>어린이>과학/수학/컴퓨터>과학 일반접기국내도서>어린이>초등3~4학년>과학/수학/사회접기국내도서>어린이>초등5~6학년>과학/수학/사회접기",
    "pub_date": "출판일 정보 없음",
    "pages": "페이지 정보 없음",
    "isbn": "ISBN 정보 없음",
    "category_info": "분류 정보 없음",
    "scrape_date": "2025-03-27 22:46:24",
    "categories": [
      "사회",
      "과학"
    ]
  },
  {
    "title": "초등 필수 고전 인문학 수업",
    "author": "저자 정보 없음",
    "publisher": "출판사 정보 없음",
    "price": "가격 정보 없음",
    "img_url": "",
    "book_url": "https://www.aladin.co.kr/shop/wproduct.aspx?ItemId=361371250",
    "short_description": "",
    "description": "기본정보기본정보368쪽170*230mm699gISBN : 9791193866283주제 분류신간알림 신청국내도서>어린이>책읽기/글쓰기>책읽기접기국내도서>어린이>초등3~4학년>책읽기/글쓰기접기국내도서>어린이>초등5~6학년>책읽기/글쓰기접기",
    "pub_date": "출판일 정보 없음",
    "pages": "페이지 정보 없음",
    "isbn": "ISBN 정보 없음",
    "category_info": "분류 정보 없음",
    "scrape_date": "2025-03-27 22:46:01",
    "categories": [
      "인문"
    ]
  },
  {
    "title": "요즘어른의 부머 경제학",
    "author": "저자 정보 없음",
    "publisher": "출판사 정보 없음",
    "price": "가격 정보 없음",
    "img_url": "",
    "book_url": "https://www.aladin.co.kr/shop/wproduct.aspx?ItemId=361376438",
    "short_description": "",
    "description": "기본정보기본정보268쪽152*225mm348gISBN : 9791192151182주제 분류신간알림 신청국내도서>경제경영>경제학/경제일반>경제사/경제전망>한국 경제사/경제전망접기국내도서>경제경영>트렌드/미래전망>트렌드/미래전망 일반접기",
    "pub_date": "출판일 정보 없음",
    "pages": "페이지 정보 없음",
    "isbn": "ISBN 정보 없음",
    "category_info": "분류 정보 없음",
    "scrape_date": "2025-03-27 22:45:41",
    "categories": [
      "경제",
      "경영"
    ]
  },
  {
    "title": "콜드플레이 (리커버 에디션)",
    "author": "저자 정보 없음",
    "publisher": "출판사 정보 없음",
    "price": "가격 정보 없음",
    "img_url": "",
    "book_url": "https://www.aladin.co.kr/shop/wproduct.aspx?ItemId=361374377",
    "short_description": "",
    "description": "기본정보기본정보양장본204쪽188*257mm (B5)815gISBN : 9791155812129주제 분류신간알림 신청국내도서>예술/대중문화>음악>음악가접기국내도서>예술/대중문화>음악>음악이야기접기국내도서>예술/대중문화>음악>팝/록접기",
    "pub_date": "출판일 정보 없음",
    "pages": "페이지 정보 없음",
    "isbn": "ISBN 정보 없음",
    "category_info": "분류 정보 없음",
    "scrape_date": "2025-03-27 22:45:52",
    "categories": [
      "기타"
    ]
  },
  {
    "title": "똑똑한 초등신문으로 미리 보는 수능 어휘 일력 365+",
    "author": "저자 정보 없음",
    "publisher": "출판사 정보 없음",
    "price": "가격 정보 없음",
    "img_url": "",
    "book_url": "https://www.aladin.co.kr/shop/wproduct.aspx?ItemId=361357359",
    "short_description": "",
    "description": "기본정보기본정보384쪽126*188mm384gISBN : 9791198721471주제 분류신간알림 신청국내도서>어린이>초등5~6학년>상식/교양접기국내도서>어린이>초등 전학년>학습일반접기국내도서>좋은부모>교육/학습>독서/작문 교육접기",
    "pub_date": "출판일 정보 없음",
    "pages": "페이지 정보 없음",
    "isbn": "ISBN 정보 없음",
    "category_info": "분류 정보 없음",
    "scrape_date": "2025-03-27 22:46:27",
    "categories": [
      "기타"
    ]
  },
  {
    "title": "최소한의 품격",
    "author": "저자 정보 없음",
    "publisher": "출판사 정보 없음",
    "price": "가격 정보 없음",
    "img_url": "",
    "book_url": "https://www.aladin.co.kr/shop/wproduct.aspx?ItemId=361371169",
    "short_description": "",
    "description": "기본정보기본정보308쪽135*200mm400gISBN : 9788932324159주제 분류신간알림 신청국내도서>인문학>인문 에세이접기국내도서>에세이>종교에세이>기독교접기국내도서>에세이>한국에세이접기",
    "pub_date": "출판일 정보 없음",
    "pages": "페이지 정보 없음",
    "isbn": "ISBN 정보 없음",
    "category_info": "분류 정보 없음",
    "scrape_date": "2025-03-27 22:45:58",
    "categories": [
      "인문"
    ]
  },
  {
    "title": "만화 악역의 엔딩은 죽음뿐 8",
    "author": "저자 정보 없음",
    "publisher": "출판사 정보 없음",
    "price": "가격 정보 없음",
    "img_url": "",
    "book_url": "https://www.aladin.co.kr/shop/wproduct.aspx?ItemId=361414616",
    "short_description": "",
    "description": "기본정보기본정보272쪽150*210mm354gISBN : 9791173820076주제 분류신간알림 신청국내도서>만화>본격장르만화>판타지>드라마틱 판타지접기국내도서>만화>순정만화>틴에이지 순정접기",
    "pub_date": "출판일 정보 없음",
    "pages": "페이지 정보 없음",
    "isbn": "ISBN 정보 없음",
    "category_info": "분류 정보 없음",
    "scrape_date": "2025-03-27 22:45:27",
    "categories": [
      "기타"
    ]
  },
  {
    "title": "만화 악역의 엔딩은 죽음뿐 8 (특장판)",
    "author": "저자 정보 없음",
    "publisher": "출판사 정보 없음",
    "price": "가격 정보 없음",
    "img_url": "",
    "book_url": "https://www.aladin.co.kr/shop/wproduct.aspx?ItemId=361414269",
    "short_description": "",
    "description": "기본정보기본정보292쪽150*210mm380gISBN : 9791173820090주제 분류신간알림 신청국내도서>만화>본격장르만화>판타지>드라마틱 판타지접기국내도서>만화>순정만화>틴에이지 순정접기",
    "pub_date": "출판일 정보 없음",
    "pages": "페이지 정보 없음",
    "isbn": "ISBN 정보 없음",
    "category_info": "분류 정보 없음",
    "scrape_date": "2025-03-27 22:45:34",
    "categories": [
      "기타"
    ]
  },
  {
    "title": "한동일의 라틴어 필사 노트",
    "author": "저자 정보 없음",
    "publisher": "출판사 정보 없음",
    "price": "가격 정보 없음",
    "img_url": "",
    "book_url": "https://www.aladin.co.kr/shop/wproduct.aspx?ItemId=361350316",
    "short_description": "",
    "description": "기본정보기본정보328쪽145*210mm426gISBN : 9791194184164주제 분류신간알림 신청국내도서>인문학>교양 인문학접기국내도서>에세이>명언/잠언록접기국내도서>에세이>한국에세이접기",
    "pub_date": "출판일 정보 없음",
    "pages": "페이지 정보 없음",
    "isbn": "ISBN 정보 없음",
    "category_info": "분류 정보 없음",
    "scrape_date": "2025-03-27 22:46:35",
    "categories": [
      "인문"
    ]
  },
  {
    "title": "북방의 바람",
    "author": "저자 정보 없음",
    "publisher": "출판사 정보 없음",
    "price": "가격 정보 없음",
    "img_url": "",
    "book_url": "https://www.aladin.co.kr/shop/wproduct.aspx?ItemId=361349071",
    "short_description": "",
    "description": "기본정보기본정보336쪽145*210mm437gISBN : 9791194294108주제 분류신간알림 신청국내도서>소설/시/희곡>중국소설접기국내도서>소설/시/희곡>세계의 문학>중국문학접기",
    "pub_date": "출판일 정보 없음",
    "pages": "페이지 정보 없음",
    "isbn": "ISBN 정보 없음",
    "category_info": "분류 정보 없음",
    "scrape_date": "2025-03-27 22:46:45",
    "categories": [
      "기타"
    ]
  },
  {
    "title": "구멍을 메우는 삶과 환대",
    "author": "저자 정보 없음",
    "publisher": "출판사 정보 없음",
    "price": "가격 정보 없음",
    "img_url": "",
    "book_url": "https://www.aladin.co.kr/shop/wproduct.aspx?ItemId=361416492",
    "short_description": "",
    "description": "기본정보기본정보488쪽145*220mm634gISBN : 9788958744139주제 분류신간알림 신청국내도서>종교/역학>기독교(개신교)>기독교(개신교) 선교/전도접기",
    "pub_date": "출판일 정보 없음",
    "pages": "페이지 정보 없음",
    "isbn": "ISBN 정보 없음",
    "category_info": "분류 정보 없음",
    "scrape_date": "2025-03-27 22:45:21",
    "categories": [
      "기타"
    ]
  },
  {
    "title": "식물학자의 숲속 일기",
    "author": "저자 정보 없음",
    "publisher": "출판사 정보 없음",
    "price": "가격 정보 없음",
    "img_url": "",
    "book_url": "https://www.aladin.co.kr/shop/wproduct.aspx?ItemId=361374574",
    "short_description": "",
    "description": "기본정보기본정보264쪽130*190mm343gISBN : 9791172132347주제 분류신간알림 신청국내도서>에세이>한국에세이접기국내도서>에세이>자연에세이접기",
    "pub_date": "출판일 정보 없음",
    "pages": "페이지 정보 없음",
    "isbn": "ISBN 정보 없음",
    "category_info": "분류 정보 없음",
    "scrape_date": "2025-03-27 22:45:48",
    "categories": [
      "기타"
    ]
  },
  {
    "title": "식물스케일",
    "author": "저자 정보 없음",
    "publisher": "출판사 정보 없음",
    "price": "가격 정보 없음",
    "img_url": "",
    "book_url": "https://www.aladin.co.kr/shop/wproduct.aspx?ItemId=361371732",
    "short_description": "",
    "description": "기본정보기본정보132쪽110*180mm132gISBN : 9791190999205주제 분류신간알림 신청국내도서>에세이>한국에세이접기국내도서>에세이>자연에세이접기",
    "pub_date": "출판일 정보 없음",
    "pages": "페이지 정보 없음",
    "isbn": "ISBN 정보 없음",
    "category_info": "분류 정보 없음",
    "scrape_date": "2025-03-27 22:45:55",
    "categories": [
      "기타"
    ]
  },
  {
    "title": "UNVEIL 언베일",
    "author": "저자 정보 없음",
    "publisher": "출판사 정보 없음",
    "price": "가격 정보 없음",
    "img_url": "",
    "book_url": "https://www.aladin.co.kr/shop/wproduct.aspx?ItemId=361370531",
    "short_description": "",
    "description": "기본정보기본정보양장본336쪽152*200mm470gISBN : 9791193239247주제 분류신간알림 신청국내도서>경제경영>마케팅/세일즈>마케팅/브랜드접기",
    "pub_date": "출판일 정보 없음",
    "pages": "페이지 정보 없음",
    "isbn": "ISBN 정보 없음",
    "category_info": "분류 정보 없음",
    "scrape_date": "2025-03-27 22:46:03",
    "categories": [
      "경제",
      "경영"
    ]
  },
  {
    "title": "명탐정 코난 : 헤이지&카즈하 NEW 셀렉션",
    "author": "저자 정보 없음",
    "publisher": "출판사 정보 없음",
    "price": "가격 정보 없음",
    "img_url": "",
    "book_url": "https://www.aladin.co.kr/shop/wproduct.aspx?ItemId=361367272",
    "short_description": "",
    "description": "기본정보기본정보512쪽128*188mm (B6)512gISBN : 9791142800771주제 분류신간알림 신청국내도서>만화>본격장르만화>추리/미스터리접기",
    "pub_date": "출판일 정보 없음",
    "pages": "페이지 정보 없음",
    "isbn": "ISBN 정보 없음",
    "category_info": "분류 정보 없음",
    "scrape_date": "2025-03-27 22:46:13",
    "categories": [
      "기타"
    ]
  },
  {
    "title": "타키 포오의 이세계 여행사 9",
    "author": "저자 정보 없음",
    "publisher": "출판사 정보 없음",
    "price": "가격 정보 없음",
    "img_url": "",
    "book_url": "https://www.aladin.co.kr/shop/wproduct.aspx?ItemId=361351279",
    "short_description": "",
    "description": "기본정보기본정보양장본160쪽150*210mm224gISBN : 9791142315459주제 분류신간알림 신청국내도서>어린이>TV/만화/영화>만화 일반접기",
    "pub_date": "출판일 정보 없음",
    "pages": "페이지 정보 없음",
    "isbn": "ISBN 정보 없음",
    "category_info": "분류 정보 없음",
    "scrape_date": "2025-03-27 22:46:31",
    "categories": [
      "기타"
    ]
  },
  {
    "title": "나는 범죄 피해자입니다",
    "author": "저자 정보 없음",
    "publisher": "출판사 정보 없음",
    "price": "가격 정보 없음",
    "img_url": "",
    "book_url": "https://www.aladin.co.kr/shop/wproduct.aspx?ItemId=361369182",
    "short_description": "",
    "description": "기본정보기본정보200쪽135*200mm260gISBN : 9791169093675주제 분류신간알림 신청국내도서>인문학>심리학/정신분석학>교양 심리학접기",
    "pub_date": "출판일 정보 없음",
    "pages": "페이지 정보 없음",
    "isbn": "ISBN 정보 없음",
    "category_info": "분류 정보 없음",
    "scrape_date": "2025-03-27 22:46:07",
    "categories": [
      "인문",
      "심리"
    ]
  },
  {
    "title": "별별 궁금증 : 어린이 생활 안전",
    "author": "저자 정보 없음",
    "publisher": "출판사 정보 없음",
    "price": "가격 정보 없음",
    "img_url": "",
    "book_url": "https://www.aladin.co.kr/shop/wproduct.aspx?ItemId=361389617",
    "short_description": "",
    "description": "기본정보기본정보144쪽188*255mm274gISBN : 9791129715036주제 분류신간알림 신청국내도서>어린이>초등1~2학년>자기계발접기",
    "pub_date": "출판일 정보 없음",
    "pages": "페이지 정보 없음",
    "isbn": "ISBN 정보 없음",
    "category_info": "분류 정보 없음",
    "scrape_date": "2025-03-27 22:45:37",
    "categories": [
      "자기계발"
    ]
  },
  {
    "title": "딥시커의 시대",
    "author": "저자 정보 없음",
    "publisher": "출판사 정보 없음",
    "price": "가격 정보 없음",
    "img_url": "",
    "book_url": "https://www.aladin.co.kr/shop/wproduct.aspx?ItemId=361367970",
    "short_description": "",
    "description": "기본정보기본정보264쪽152*225mm343gISBN : 9791173551826주제 분류신간알림 신청국내도서>사회과학>사회학>사회학 일반접기",
    "pub_date": "출판일 정보 없음",
    "pages": "페이지 정보 없음",
    "isbn": "ISBN 정보 없음",
    "category_info": "분류 정보 없음",
    "scrape_date": "2025-03-27 22:46:10",
    "categories": [
      "사회",
      "과학",
      "사회과학"
    ]
  },
  {
    "title": "잠들기 전 하루 10분 필사의 시간",
    "author": "저자 정보 없음",
    "publisher": "출판사 정보 없음",
    "price": "가격 정보 없음",
    "img_url": "",
    "book_url": "https://www.aladin.co.kr/shop/wproduct.aspx?ItemId=361375001",
    "short_description": "",
    "description": "기본정보기본정보288쪽150*210mm374gISBN : 9791193748046주제 분류신간알림 신청국내도서>인문학>교양 인문학접기",
    "pub_date": "출판일 정보 없음",
    "pages": "페이지 정보 없음",
    "isbn": "ISBN 정보 없음",
    "category_info": "분류 정보 없음",
    "scrape_date": "2025-03-27 22:45:44",
    "categories": [
      "인문"
    ]
  },
  {
    "title": "철학자와 오리너구리",
    "author": "저자 정보 없음",
    "publisher": "출판사 정보 없음",
    "price": "가격 정보 없음",
    "img_url": "",
    "book_url": "https://www.aladin.co.kr/shop/wproduct.aspx?ItemId=361365069",
    "short_description": "",
    "description": "기본정보기본정보288쪽125*190mm288gISBN : 9791199037601주제 분류신간알림 신청국내도서>인문학>교양 인문학접기",
    "pub_date": "출판일 정보 없음",
    "pages": "페이지 정보 없음",
    "isbn": "ISBN 정보 없음",
    "category_info": "분류 정보 없음",
    "scrape_date": "2025-03-27 22:46:16",
    "categories": [
      "인문",
      "철학"
    ]
  }
]